                  epoch,         train/box_loss,         train/cls_loss,         train/dfl_loss,   metrics/precision(B),      metrics/recall(B),       metrics/mAP50(B),    metrics/mAP50-95(B),           val/box_loss,           val/cls_loss,           val/dfl_loss,                 lr/pg0,                 lr/pg1,                 lr/pg2
                      1,                 1.6031,                 1.9776,                 1.0839,                0.30207,                0.31259,                0.22652,                0.13467,                 1.4034,                 1.3118,                 1.0072,               0.070091,              0.0033232,              0.0033232
                      2,                 1.4117,                 1.2871,                0.99445,                0.44851,                0.29299,                0.29701,                0.18523,                 1.3623,                 1.1742,                0.99082,               0.038773,              0.0053386,              0.0053386
                      3,                 1.3819,                 1.1669,                0.98547,                0.36387,                0.37094,                 0.3331,                0.20718,                 1.3459,                 1.1571,                0.98543,              0.0061349,              0.0060339,              0.0060339
                      4,                 1.3502,                 1.0578,                0.97396,                0.33317,                0.39559,                0.34308,                 0.2135,                 1.3303,                 1.1159,                0.98096,                0.00406,                0.00406,                0.00406
                      5,                 1.2652,                0.95488,                0.95528,                0.38229,                0.42978,                 0.3673,                0.23602,                 1.2705,                 1.0813,                0.96642,                0.00208,                0.00208,                0.00208
