               epoch,      train/box_loss,      train/obj_loss,      train/cls_loss,   metrics/precision,      metrics/recall,     metrics/mAP_0.5,metrics/mAP_0.5:0.95,        val/box_loss,        val/obj_loss,        val/cls_loss,               x/lr0,               x/lr1,               x/lr2
                   0,            0.078937,            0.040965,            0.044987,             0.21908,             0.18393,            0.047527,            0.016379,            0.076707,            0.039881,            0.037853,            0.070182,           0.0033131,           0.0033131
                   1,            0.064135,            0.039758,             0.03894,             0.57376,             0.18403,             0.10022,            0.041988,            0.059926,            0.036486,            0.039093,            0.038866,           0.0053305,           0.0053305
                   2,            0.060392,            0.038582,            0.036834,             0.53396,             0.19527,             0.12096,            0.048639,            0.062909,             0.03607,            0.035718,           0.0062298,           0.0060278,           0.0060278
                   3,            0.055495,            0.037033,            0.035032,             0.39808,             0.21687,             0.14444,            0.068498,            0.052534,            0.033448,            0.032478,             0.00406,             0.00406,             0.00406
                   4,            0.053096,            0.037519,            0.033926,             0.51067,             0.22234,             0.16474,            0.079216,            0.049909,            0.031647,            0.032318,             0.00406,             0.00406,             0.00406
